Player,FNAME
Brandon Miller,brandon-miller-3
Cam Whitmore,
Taylor Hendricks,
Anthony Black,
Jarace Walker,
Cason Wallace,
Kobe Bufkin,
Gradey Dick,
Dereck Lively Jr.,dereck-lively-ii-1
Brice Sensabaugh,
Jalen Hood-Schifino,jalen-hood-schifino-1
Jordan Hawkins,
Keyonte George,
Nick Smith Jr.,nick-smith-jr-1
Kris Murray,
Dariq Whitehead,
G.G. Jackson,gregory-jackson-ii-1
Bobi Klintman,
Jett Howard,
Colby Jones,
Maxwell Lewis,
Noah Clowney,
Jaime Jaquez,jaime-jaquezjr-1
Marcus Sasser,
Jalen Wilson,
Andre Jackson,andre-jackson-8
Julian Strawther,
Terrence Shannon Jr.,terrence-shannonjr-1
Olivier-Maxence Prosper,olivier-maxence-prosper-1
Julian Phillips,
Trayce Jackson-Davis,trayce-jackson-davis-1
Kobe Brown,
Adem Bona,
Jaylen Clark,
Kevin McCullar,
Terquavion Smith,
Trey Alexander,
Brandin Podziemski,
Amari Bailey,
Omari Moore,
Judah Mintz,
Adam Flagler,
Jordan Miller,jordan-miller-2
Ricky Council IV,ricky-counciliv-1
Jordan Walsh,
Arthur Kaluma,
Ryan Kalkbrenner,
Coleman Hawkins,
Zach Edey,
Dillon Mitchell,
Reece Beekman,
DaRon Holmes,daron-holmesii-1
Seth Lundy,
Mouhamed Gueye,
Jalen Slawson,
Colin Castleton,
Chris Livingston,
Ben Sheppard,
Adama Sanogo,
Isaiah Wong,