,Player,FNAME
206,Hilton Armstrong,Hilton-Armstrong
207,Ronnie Brewer,Ronnie-Brewer
208,Cedric Simmons,Cedric-Simmons
209,Rodney Carney,Rodney-Carney
210,Shawne Williams,Shawne-Williams
211,Quincy Douby,Quincy-Douby
212,Renaldo Balkman,Renaldo-Balkman
213,Rajon Rondo,Rajon-Rondo
214,Josh Boone,Josh-Boone
215,Kyle Lowry,Kyle-Lowry
216,Shannon Brown,Shannon-Brown
217,Jordan Farmar,Jordan-Farmar
218,Maurice Ager,Maurice-Ager
219,Mardy Collins,Mardy-Collins
220,James White,James-White
221,Steve Novak,Steve-Novak
222,Solomon Jones,Solomon-Jones
223,Paul Davis,Paul-Davis
224,Craig Smith,Craig-Smith
225,David Noel,David-Noel
226,James Augustine,James-Augustine
227,Daniel Gibson,Daniel-Gibson
228,Alexander Johnson,Alexander-Johnson
229,Dee Brown,Dee-Brown
230,Paul Millsap,Paul-Millsap
231,Leon Powe,Leon-Powe
232,Ryan Hollins,Ryan-Hollins
233,Guillermo Díaz,Guillermo-Díaz
234,Hassan Adams,Hassan-Adams
235,Will Blalock,Will-Blalock
236,Greg Oden,Greg-Oden
237,Kevin Durant,Kevin-Durant
238,Al Horford,Al-Horford
239,Mike Conley,Mike-Conley
240,Jeff Green,Jeff-Green
241,Corey Brewer,Corey-Brewer
242,Brandan Wright,Brandan-Wright
243,Joakim Noah,Joakim-Noah
244,Spencer Hawes,Spencer-Hawes
245,Acie Law,Acie-Law
246,Thaddeus Young,Thaddeus-Young
247,Julian Wright,Julian-Wright
248,Al Thornton,Al-Thornton
249,Rodney Stuckey,Rodney-Stuckey
250,Nick Young,Nick-Young
251,Sean Williams,Sean-Williams
252,Javaris Crittenton,Javaris-Crittenton
253,Jason Smith,Jason-Smith
254,Daequan Cook,Daequan-Cook
255,Jared Dudley,Jared-Dudley
256,Wilson Chandler,Wilson-Chandler
257,Morris Almond,Morris-Almond
258,Aaron Brooks,Aaron-Brooks
259,Arron Afflalo,Arron-Afflalo
260,Alando Tucker,Alando-Tucker
261,Carl Landry,Carl-Landry
262,Gabe Pruitt,Gabe-Pruitt
263,Nick Fazekas,Nick-Fazekas
264,Glen Davis,Glen-Davis
265,Jermareo Davidson,Jermareo-Davidson
266,Josh McRoberts,Josh-McRoberts
267,Derrick Byars,Derrick-Byars
268,Stéphane Lasme,Stéphane-Lasme
269,Dominic McGuire,Dominic-McGuire
270,Aaron Gray,Aaron-Gray
271,Taurean Green,Taurean-Green
272,Demetris Nichols,Demetris-Nichols
273,Ramon Sessions,Ramon-Sessions
274,Derrick Rose,Derrick-Rose
275,Michael Beasley,Michael-Beasley
276,Russell Westbrook,Russell-Westbrook
277,Kevin Love,Kevin-Love
278,Eric Gordon,Eric-Gordon
279,Joe Alexander,Joe-Alexander
280,Brook Lopez,Brook-Lopez
281,Jason Thompson,Jason-Thompson
282,Brandon Rush,Brandon-Rush
283,Anthony Randolph,Anthony-Randolph
284,Robin Lopez,Robin-Lopez
285,Marreese Speights,Marreese-Speights
286,Roy Hibbert,Roy-Hibbert
287,JaVale McGee,JaVale-McGee
288,Ryan Anderson,Ryan-Anderson
289,Courtney Lee,Courtney-Lee
290,Kosta Koufos,Kosta-Koufos
291,George Hill,George-Hill
292,Darrell Arthur,Darrell-Arthur
293,Donté Greene,Donté-Greene
294,Walter Sharpe,Walter-Sharpe
295,Joey Dorsey,Joey-Dorsey
296,Mario Chalmers,Mario-Chalmers
297,DeAndre Jordan,DeAndre-Jordan
298,Kyle Weaver,Kyle-Weaver
299,Sonny Weems,Sonny-Weems
300,Chris Douglas-Roberts,Chris-Douglas-Roberts
301,Sean Singletary,Sean-Singletary
302,Malik Hairston,Malik-Hairston
303,Darnell Jackson,Darnell-Jackson
304,Mike Taylor,Mike-Taylor
305,Sasha Kaun,Sasha-Kaun
306,Joe Crawford,Joe-Crawford
307,Blake Griffin,Blake-Griffin
308,Hasheem Thabeet,Hasheem-Thabeet
309,James Harden,James-Harden
310,Tyreke Evans,Tyreke-Evans
311,Jonny Flynn,Jonny-Flynn
312,Stephen Curry,Stephen-Curry
313,Jordan Hill,Jordan-Hill
314,DeMar DeRozan,DeMar-DeRozan
315,Terrence Williams,Terrence-Williams
316,Tyler Hansbrough,Tyler-Hansbrough
317,Earl Clark,Earl-Clark
318,Austin Daye,Austin-Daye
319,James Johnson,James-Johnson
320,Jrue Holiday,Jrue-Holiday
321,Ty Lawson,Ty-Lawson
322,Eric Maynor,Eric-Maynor
323,Darren Collison,Darren-Collison
324,Taj Gibson,Taj-Gibson
325,DeMarre Carroll,DeMarre-Carroll
326,Wayne Ellington,Wayne-Ellington
327,Toney Douglas,Toney-Douglas
328,Jermaine Taylor,Jermaine-Taylor
329,Dante Cunningham,Dante-Cunningham
330,DaJuan Summers,DaJuan-Summers
331,Sam Young,Sam-Young
332,DeJuan Blair,DeJuan-Blair
333,Jon Brockman,Jon-Brockman
334,Derrick Brown,Derrick-Brown
335,Jodie Meeks,Jodie-Meeks
336,Patrick Beverley,Patrick-Beverley
337,Chase Budinger,Chase-Budinger
338,Nick Calathes,Nick-Calathes
339,Danny Green,Danny-Green
340,Taylor Griffin,Taylor-Griffin
341,Lester Hudson,Lester-Hudson
342,John Wall,John-Wall
343,Evan Turner,Evan-Turner
344,Derrick Favors,Derrick-Favors
345,Wesley Johnson,Wesley-Johnson
346,DeMarcus Cousins,DeMarcus-Cousins
347,Ekpe Udoh,Ekpe-Udoh
348,Greg Monroe,Greg-Monroe
349,Al-Farouq Aminu,Al-Farouq-Aminu
350,Gordon Hayward,Gordon-Hayward
351,Paul George,Paul-George
352,Cole Aldrich,Cole-Aldrich
353,Xavier Henry,Xavier-Henry
354,Ed Davis,Ed-Davis
355,Patrick Patterson,Patrick-Patterson
356,Larry Sanders,Larry-Sanders
357,Luke Babbitt,Luke-Babbitt
358,Eric Bledsoe,Eric-Bledsoe
359,Avery Bradley,Avery-Bradley
360,James Anderson,James-Anderson
361,Craig Brackins,Craig-Brackins
362,Elliot Williams,Elliot-Williams
363,Trevor Booker,Trevor-Booker
364,Damion James,Damion-James
365,Dominique Jones,Dominique-Jones
366,Quincy Pondexter,Quincy-Pondexter
367,Jordan Crawford,Jordan-Crawford
368,Greivis Vásquez,Greivis-Vásquez
369,Daniel Orton,Daniel-Orton
370,Lazar Hayward,Lazar-Hayward
371,Dexter Pittman,Dexter-Pittman
372,Hassan Whiteside,Hassan-Whiteside
373,Armon Johnson,Armon-Johnson
374,Darington Hobson,Darington-Hobson
375,Andy Rautins,Andy-Rautins
376,Landry Fields,Landry-Fields
377,Lance Stephenson,Lance-Stephenson
378,Jarvis Varnado,Jarvis-Varnado
379,Devin Ebanks,Devin-Ebanks
380,Jerome Jordan,Jerome-Jordan
381,Gani Lawal,Gani-Lawal
382,Solomon Alabi,Solomon-Alabi
383,Luke Harangody,Luke-Harangody
384,Willie Warren,Willie-Warren
385,Jeremy Evans,Jeremy-Evans
386,Ryan Reid,Ryan-Reid
387,Derrick Caracter,Derrick-Caracter
388,Kyrie Irving,Kyrie-Irving
389,Derrick Williams,Derrick-Williams
390,Tristan Thompson,Tristan-Thompson
391,Brandon Knight,Brandon-Knight
392,Kemba Walker,Kemba-Walker
393,Jimmer Fredette,Jimmer-Fredette
394,Klay Thompson,Klay-Thompson
395,Alec Burks,Alec-Burks
396,Markieff Morris,Markieff-Morris
397,Marcus Morris,Marcus-Morris
398,Kawhi Leonard,Kawhi-Leonard
399,Nikola Vučević,Nikola-Vučević
400,Iman Shumpert,Iman-Shumpert
401,Chris Singleton,Chris-Singleton
402,Tobias Harris,Tobias-Harris
403,Nolan Smith,Nolan-Smith
404,Kenneth Faried,Kenneth-Faried
405,Reggie Jackson,Reggie-Jackson
406,MarShon Brooks,MarShon-Brooks
407,Jordan Hamilton,Jordan-Hamilton
408,JaJuan Johnson,JaJuan-Johnson
409,Norris Cole,Norris-Cole
410,Cory Joseph,Cory-Joseph
411,Jimmy Butler,Jimmy-Butler
